2021 Per Capita Personal Income by Metropolitan Statistical Area (Dollars)
Series ID,Region Name,Region Code,2021-01-01
"ABIL148PCPI","Abilene, TX","10180","55556"
"AKRO439PCPI","Akron, OH","10420","58735"
"ALBA513PCPI","Albany, GA","10500","45619"
"ALBA536PCPI","Albany-Schenectady-Troy, NY","10580","67788"
"ALBU735PCPI","Albuquerque, NM","10740","52263"
"ALEX722PCPI","Alexandria, LA","10780","51738"
"ALLE942PCPI","Allentown-Bethlehem-Easton, PA-NJ","10900","62618"
"ALTO042PCPI","Altoona, PA","11020","54470"
"AMAR148PCPI","Amarillo, TX","11100","56248"
"AMES119PCPI","Ames, IA","11180","49320"
"ANCH202PCPI","Anchorage, AK","11260","67085"
"ANDE318PCPI","Anderson, IN","11300",""
"ANNA426PCPI","Ann Arbor, MI","11460","68688"
"ANNI501PCPI","Anniston-Oxford-Jacksonville, AL","11500","42621"
"APPL555PCPI","Appleton, WI","11540","58312"
"ASHE737PCPI","Asheville, NC","11700","54827"
"ATHE013PCPI","Athens-Clarke County, GA","12020","48323"
"ATLA013PCPI","Atlanta-Sandy Springs-Roswell, GA","12060","63219"
"ATLA134PCPI","Atlantic City-Hammonton, NJ","12100","58310"
"AUBU201PCPI","Auburn-Opelika, AL","12220","45002"
"AUGU213PCPI","Augusta-Richmond County, GA-SC","12260","49432"
"AUST448PCPI","Austin-Round Rock, TX","12420","71372"
"BAKE506PCPI","Bakersfield, CA","12540","45961"
"BALT524PCPI","Baltimore-Columbia-Towson, MD","12580","70490"
"BATO922PCPI","Baton Rouge, LA","12940","56396"
"BATT926PCPI","Battle Creek, MI","12980","47789"
"BAYC026PCPI","Bay City, MI","13020","50396"
"BEAU148PCPI","Beaumont-Port Arthur, TX","13140","49006"
"BELL353PCPI","Bellingham, WA","13380","58137"
"BEND441PCPI","Bend-Redmond, OR","13460","67743"
"BILL730PCPI","Billings, MT","13740","59698"
"BING736PCPI","Binghamton, NY","13780","51295"
"BIRM801PCPI","Birmingham-Hoover, AL","13820","59107"
"BISM938PCPI","Bismarck, ND","13900","64134"
"BLAC951PCPI","Blacksburg-Christiansburg-Radford, VA","13980","44904"
"BLOO017PCPI","Bloomington, IL","14010",""
"BLOO018PCPI","Bloomington, IN","14020","51899"
"BOIS216PCPI","Boise City, ID","14260","55487"
"BOUL508PCPI","Boulder, CO","14500","89593"
"BOWPCPI","Bowling Green, KY","14540","43282"
"BREM753PCPI","Bremerton-Silverdale, WA","14740","67845"
"BROW148PCPI","Brownsville-Harlingen, TX","15180","37861"
"BRUN213PCPI","Brunswick, GA","15260","51400"
"BUFF336PCPI","Buffalo-Cheektowaga-Niagara Falls, NY","15380","56808"
"BURL537PCPI","Burlington, NC","15500","48118"
"CALX924PCPI","California-Lexington Park, MD","15680","65762"
"CANT939PCPI","Canton-Massillon, OH","15940","52152"
"CAPE912PCPI","Cape Coral-Fort Myers, FL","15980","62885"
"CARS132PCPI","Carson City, NV","16180","60445"
"CASP256PCPI","Casper, WY","16220","70175"
"CEDA319PCPI","Cedar Rapids, IA","16300","59063"
"CHAM517PCPI","Champaign-Urbana, IL","16580","55335"
"CHAR654PCPI","Charleston, WV","16620","51638"
"CHAR745PCPI","Charleston-North Charleston, SC","16700","60754"
"CHAR737PCPI","Charlotte-Concord-Gastonia, NC-SC","16740","62056"
"CHAR851PCPI","Charlottesville, VA","16820","77070"
"CHAT847PCPI","Chattanooga, TN-GA","16860","53906"
"CHEY956PCPI","Cheyenne, WY","16940","58646"
"CHIC917PCPI","Chicago-Naperville-Elgin, IL-IN-WI","16980","71992"
"CHIC006PCPI","Chico, CA","17020","54694"
"CINC139PCPI","Cincinnati, OH-KY-IN","17140","63116"
"CLHPCPI","Clarksville, TN-KY","17300","47519"
"CLEV447PCPI","Cleveland, TN","17420","45404"
"CLEV439PCPI","Cleveland-Elyria, OH","17460","61948"
"COEU616PCPI","Coeur d'Alene, ID","17660","54406"
"COLL748PCPI","College Station-Bryan, TX","17780","47803"
"COLO808PCPI","Colorado Springs, CO","17820","58736"
"CLMPCPI","Columbia, MO","17860","53583"
"COLU945PCPI","Columbia, SC","17900","53286"
"COLU913PCPI","Columbus, GA-AL","17980","47349"
"COLU018PCPI","Columbus, IN","18020","61136"
"COLU139PCPI","Columbus, OH","18140","59867"
"CORP548PCPI","Corpus Christi, TX","18580","52612"
"CORV741PCPI","Corvallis, OR","18700","54174"
"FORT012PCPI","Crestview-Fort Walton Beach-Destin, FL","18880","64660"
"CUMB024PCPI","Cumberland, MD-WV","19060","47576"
"DALL148PCPI","Dallas-Fort Worth-Arlington, TX","19100","66727"
"DALT113PCPI","Dalton, GA","19140","44668"
"DANV117PCPI","Danville, IL","19180","49265"
"DANV251PCPI","Danville, VA","19260",""
"DAVE317PCPI","Davenport-Moline-Rock Island, IA-IL","19340","56181"
"DAYT339PCPI","Dayton, OH","19380",""
"DECA401PCPI","Decatur, AL","19460","46533"
"DECA517PCPI","Decatur, IL","19500","56548"
"DELT612PCPI","Deltona-Daytona Beach-Ormond Beach, FL","19660","53559"
"DENV708PCPI","Denver-Aurora-Lakewood, CO","19740","78150"
"DESM719PCPI","Des Moines-West Des Moines, IA","19780","61833"
"DETR826PCPI","Detroit-Warren-Dearborn, MI","19820","60965"
"DOTH001PCPI","Dothan, AL","20020","49343"
"DOVE110PCPI","Dover, DE","20100","50432"
"DUBU219PCPI","Dubuque, IA","20220","56782"
"DULU227PCPI","Duluth, MN-WI","20260","53734"
"DURH537PCPI","Durham-Chapel Hill, NC","20500","63375"
"EAUC755PCPI","Eau Claire, WI","20740","54814"
"ELCE906PCPI","El Centro, CA","20940","47653"
"ELZPCPI","Elizabethtown-Fort Knox, KY","21060","50016"
"ELKH118PCPI","Elkhart-Goshen, IN","21140","55007"
"ELMI336PCPI","Elmira, NY","21300","52360"
"ELPA348PCPI","El Paso, TX","21340","44058"
"ERIE542PCPI","Erie, PA","21500","52747"
"EUGE641PCPI","Eugene, OR","21660","55146"
"EVNPCPI","Evansville, IN-KY","21780","56650"
"FAIR802PCPI","Fairbanks, AK","21820","65314"
"FARG038PCPI","Fargo, ND-MN","22020","62021"
"FARM135PCPI","Farmington, NM","22140","41735"
"FAYE137PCPI","Fayetteville, NC","22180","45542"
"FASPCPI","Fayetteville-Springdale-Rogers, AR-MO","22220","70594"
"FLAG304PCPI","Flagstaff, AZ","22380","56914"
"FLIN426PCPI","Flint, MI","22420","49399"
"FLOR545PCPI","Florence, SC","22500","50386"
"FLOR501PCPI","Florence-Muscle Shoals, AL","22520","44605"
"FOND555PCPI","Fond du Lac, WI","22540","56378"
"FORT608PCPI","Fort Collins, CO","22660","64258"
"FTSPCPI","Fort Smith, AR-OK","22900","45134"
"FORT018PCPI","Fort Wayne, IN","23060","54623"
"FRES406PCPI","Fresno, CA","23420","51422"
"GADS401PCPI","Gadsden, AL","23460","42558"
"GAIN512PCPI","Gainesville, FL","23540","50623"
"GAIN513PCPI","Gainesville, GA","23580","53920"
"GLEN036PCPI","Glens Falls, NY","24020","56040"
"GOLD137PCPI","Goldsboro, NC","24140","49881"
"GRAN238PCPI","Grand Forks, ND-MN","24220","58295"
"GRAN308PCPI","Grand Junction, CO","24300","52121"
"GRAN326PCPI","Grand Rapids-Wyoming, MI","24340","57667"
"GREA530PCPI","Great Falls, MT","24500","53765"
"GREE508PCPI","Greeley, CO","24540","56553"
"GREE555PCPI","Green Bay, WI","24580","58240"
"GREE637PCPI","Greensboro-High Point, NC","24660","51872"
"GREE737PCPI","Greenville, NC","24780","53200"
"ANDE345PCPI","Greenville-Anderson-Mauldin, SC","24860",""
"GREE845PCPI","Greenville-Anderson-Mauldin, SC","24860","50908"
"GULF028PCPI","Gulfport-Biloxi-Pascagoula, MS","25060","44488"
"HAGE124PCPI","Hagerstown-Martinsburg, MD-WV","25180","51102"
"HANF206PCPI","Hanford-Corcoran, CA","25260","43176"
"HARR442PCPI","Harrisburg-Carlisle, PA","25420","60517"
"HARR551PCPI","Harrisonburg, VA","25500","47217"
"HATT628PCPI","Hattiesburg, MS","25620","44538"
"HICK837PCPI","Hickory-Lenoir-Morganton, NC","25860","48529"
"HINE913PCPI","Hinesville, GA","25980","41012"
"HOLL126PCPI","Holland-Grand Haven, MI","26100",""
"HSPPCPI","Hot Springs, AR","26300","46897"
"HOUM322PCPI","Houma-Thibodaux, LA","26380","49613"
"HOUS448PCPI","Houston-The Woodlands-Sugar Land, TX","26420","64837"
"HUNT554PCPI","Huntington-Ashland, WV-KY-OH","26580","47505"
"HUNT601PCPI","Huntsville, AL","26620","57815"
"IDAH816PCPI","Idaho Falls, ID","26820","55084"
"INDI918PCPI","Indianapolis-Carmel-Anderson, IN","26900","65805"
"IOWA919PCPI","Iowa City, IA","26980","60316"
"ITHA036PCPI","Ithaca, NY","27060","51377"
"JACK126PCPI","Jackson, MI","27100","47503"
"JACK128PCPI","Jackson, MS","27140","51982"
"JACPCPI","Jackson, TN","27180","48718"
"JACK212PCPI","Jacksonville, FL","27260","59271"
"JACK337PCPI","Jacksonville, NC","27340","50869"
"JANE555PCPI","Janesville-Beloit, WI","27500","52787"
"JEFPCPI","Jefferson City, MO","27620","51286"
"JOHN747PCPI","Johnson City, TN","27740","48257"
"JOHN742PCPI","Johnstown, PA","27780","49472"
"JORPCPI","Jonesboro, AR","27860","44554"
"JOPL929PCPI","Joplin, MO","27900","44292"
"KALA026PCPI","Kalamazoo-Portage, MI","28020","58524"
"KANK117PCPI","Kankakee, IL","28100","53165"
"KANS129PCPI","Kansas City, MO-KS","28140","61410"
"KENN453PCPI","Kennewick-Richland, WA","28420","52082"
"KILL648PCPI","Killeen-Temple, TX","28660","47755"
"KING747PCPI","Kingsport-Bristol-Bristol, TN-VA","28700","47287"
"KING736PCPI","Kingston, NY","28740","60557"
"KNOX947PCPI","Knoxville, TN","28940","55752"
"KOKO018PCPI","Kokomo, IN","29020","47031"
"LACR155PCPI","La Crosse-Onalaska, WI-MN","29100","58414"
"LAFA122PCPI","Lafayette, LA","29180","52241"
"LAFA118PCPI","Lafayette-West Lafayette, IN","29200",""
"LWTL918PCPI","Lafayette-West Lafayette, IN","29200","46968"
"LAKE322PCPI","Lake Charles, LA","29340","51080"
"LAKEHCPCPI","Lake Havasu City-Kingman, AZ","29420","41331"
"LAKE412PCPI","Lakeland-Winter Haven, FL","29460","43556"
"LANC542PCPI","Lancaster, PA","29540","61547"
"LANS626PCPI","Lansing-East Lansing, MI","29620","50326"
"LARE748PCPI","Laredo, TX","29700","40850"
"LASC735PCPI","Las Cruces, NM","29740","45045"
"LASV832PCPI","Las Vegas-Henderson-Paradise, NV","29820","58276"
"LAWR920PCPI","Lawrence, KS","29940","51703"
"LAWT040PCPI","Lawton, OK","30020","47807"
"LEBA142PCPI","Lebanon, PA","30140","55803"
"LEWI316PCPI","Lewiston, ID-WA","30300","52572"
"LEXI421PCPI","Lexington-Fayette, KY","30460","57519"
"LIMA639PCPI","Lima, OH","30620","50353"
"LINC731PCPI","Lincoln, NE","30700","56887"
"LRSPCPI","Little Rock-North Little Rock-Conway, AR","30780","53158"
"LOGA849PCPI","Logan, UT-ID","30860","46903"
"LONG948PCPI","Longview, TX","30980","48868"
"LONG053PCPI","Longview, WA","31020","54550"
"LALBA906PCPI","Los Angeles-Long Beach-Anaheim, CA","31080","75821"
"LOSA106PCPI","Los Angeles-Long Beach-Anaheim, CA","31080",""
"LOIPCPI","Louisville/Jefferson County, KY-IN","31140","59425"
"LUBB148PCPI","Lubbock, TX","31180","51045"
"LYNC351PCPI","Lynchburg, VA","31340","47374"
"MACO413PCPI","Macon-Bibb County, GA","31420","46875"
"MADE406PCPI","Madera, CA","31460","45757"
"MADI555PCPI","Madison, WI","31540","69116"
"MANS939PCPI","Mansfield, OH","31900","46366"
"MCAL548PCPI","McAllen-Edinburg-Mission, TX","32580","34503"
"MEDF741PCPI","Medford, OR","32780","56842"
"MPHPCPI","Memphis, TN-MS-AR","32820","56568"
"MERC906PCPI","Merced, CA","32900","46580"
"MIAM112PCPI","Miami-Fort Lauderdale-West Palm Beach, FL","33100","73522"
"MICH118PCPI","Michigan City-La Porte, IN","33140","49508"
"MIDL248PCPI","Midland, TX","33260","125455"
"MILW355PCPI","Milwaukee-Waukesha-West Allis, WI","33340","65803"
"MINN427PCPI","Minneapolis-St. Paul-Bloomington, MN-WI","33460","71912"
"MISS530PCPI","Missoula, MT","33540","61881"
"MOBI601PCPI","Mobile, AL","33660","46402"
"MODE706PCPI","Modesto, CA","33700","52356"
"MONR722PCPI","Monroe, LA","33740","46859"
"MONR726PCPI","Monroe, MI","33780","53509"
"MONT801PCPI","Montgomery, AL","33860","49310"
"MORG054PCPI","Morgantown, WV","34060","50016"
"MORR147PCPI","Morristown, TN","34100","44279"
"MOUN553PCPI","Mount Vernon-Anacortes, WA","34580","64093"
"MUNC618PCPI","Muncie, IN","34620","45325"
"MUSK726PCPI","Muskegon, MI","34740","46701"
"MYRT845PCPI","Myrtle Beach-Conway-North Myrtle Beach, SC-NC","34820","49234"
"NAPA906PCPI","Napa, CA","34900","90608"
"NAPL912PCPI","Naples-Immokalee-Marco Island, FL","34940","117984"
"NASH947PCPI","Nashville-Davidson--Murfreesboro--Franklin, TN","34980","70026"
"NEWO322PCPI","New Orleans-Metairie, LA","35380","61327"
"NEWY636PCPI","New York-Newark-Jersey City, NY-NJ-PA","35620","85136"
"NILE626PCPI","Niles-Benton Harbor, MI","35660","59656"
"SARA212PCPI","North Port-Sarasota-Bradenton, FL","35840","69376"
"OCAL112PCPI","Ocala, FL","36100","45152"
"OCEA134PCPI","Ocean City, NJ","36140","72010"
"ODES248PCPI","Odessa, TX","36220","53610"
"OGDE249PCPI","Ogden-Clearfield, UT","36260","52305"
"OKLA440PCPI","Oklahoma City, OK","36420","57150"
"OLYM553PCPI","Olympia-Tumwater, WA","36500","61062"
"OMAH531PCPI","Omaha-Council Bluffs, NE-IA","36540","64229"
"ORLA712PCPI","Orlando-Kissimmee-Sanford, FL","36740","53102"
"OSHK755PCPI","Oshkosh-Neenah, WI","36780","55202"
"OWNPCPI","Owensboro, KY","36980","49859"
"OXNA106PCPI","Oxnard-Thousand Oaks-Ventura, CA","37100","73375"
"PALM312PCPI","Palm Bay-Melbourne-Titusville, FL","37340","55477"
"PANA412PCPI","Panama City, FL","37460","53980"
"PARK654PCPI","Parkersburg-Vienna, WV","37620","51674"
"PASC728PCPI","Pascagoula, MS","37700",""
"PENS812PCPI","Pensacola-Ferry Pass-Brent, FL","37860","52548"
"PEOR917PCPI","Peoria, IL","37900","55784"
"PHIL942PCPI","Philadelphia-Camden-Wilmington, PA-NJ-DE-MD","37980","72379"
"PHOE004PCPI","Phoenix-Mesa-Scottsdale, AZ","38060","58308"
"PBFPCPI","Pine Bluff, AR","38220","41416"
"PITT342PCPI","Pittsburgh, PA","38300","65730"
"POCA516PCPI","Pocatello, ID","38540","45244"
"PORT941PCPI","Portland-Vancouver-Hillsboro, OR-WA","38900","68374"
"PORT912PCPI","Port St. Lucie, FL","38940","66630"
"POUG136PCPI","Poughkeepsie-Newburgh-Middletown, NY","39100",""
"PRES104PCPI","Prescott, AZ","39140",""
"PROV349PCPI","Provo-Orem, UT","39340","50616"
"PUEB308PCPI","Pueblo, CO","39380","46927"
"PUNT412PCPI","Punta Gorda, FL","39460","51677"
"RACI555PCPI","Racine, WI","39540","56884"
"RALE537PCPI","Raleigh, NC","39580","66428"
"RAPI646PCPI","Rapid City, SD","39660","61259"
"READ742PCPI","Reading, PA","39740","57970"
"REDD806PCPI","Redding, CA","39820","54972"
"RENO932PCPI","Reno, NV","39900","71489"
"RICH051PCPI","Richmond, VA","40060","65834"
"RIVE106PCPI","Riverside-San Bernardino-Ontario, CA","40140","50384"
"ROAN251PCPI","Roanoke, VA","40220","53939"
"ROCH327PCPI","Rochester, MN","40340","63052"
"ROCH336PCPI","Rochester, NY","40380","58500"
"ROCK417PCPI","Rockford, IL","40420","51140"
"ROCK537PCPI","Rocky Mount, NC","40580","48812"
"ROME613PCPI","Rome, GA","40660","44803"
"SACR906PCPI","Sacramento--Roseville--Arden-Arcade, CA","40900","65972"
"SAGI926PCPI","Saginaw, MI","40980","49274"
"STCL027PCPI","St. Cloud, MN","41060","55987"
"STGE149PCPI","St. George, UT","41100","47162"
"STJO129PCPI","St. Joseph, MO-KS","41140","46420"
"STLPCPI","St. Louis, MO-IL","41180","64769"
"SALE441PCPI","Salem, OR","41420","52971"
"SALI506PCPI","Salinas, CA","41500","63449"
"SALI524PCPI","Salisbury, MD-DE","41540","55698"
"SALT649PCPI","Salt Lake City, UT","41620","61551"
"SANA648PCPI","San Angelo, TX","41660","60187"
"SANA748PCPI","San Antonio-New Braunfels, TX","41700","53648"
"SAND706PCPI","San Diego-Carlsbad, CA","41740","72637"
"SAND739PCPI","Sandusky, OH","41780",""
"SANF806PCPI","San Francisco-Oakland-Hayward, CA","41860","123711"
"SANJ906PCPI","San Jose-Sunnyvale-Santa Clara, CA","41940","136338"
"SANL006PCPI","San Luis Obispo-Paso Robles-Arroyo Grande, CA","42020","66617"
"SANT106PCPI","Santa Cruz-Watsonville, CA","42100","85554"
"SANT135PCPI","Santa Fe, NM","42140","69528"
"SMSB906PCPI","Santa Maria-Santa Barbara, CA","42200","73995"
"SANT006PCPI","Santa Maria-Santa Barbara, CA","42200",""
"SANT206PCPI","Santa Rosa, CA","42220","81006"
"SAVA313PCPI","Savannah, GA","42340","53570"
"SCRA542PCPI","Scranton--Wilkes-Barre--Hazleton, PA","42540","53256"
"SEAT653PCPI","Seattle-Tacoma-Bellevue, WA","42660","89274"
"SEBA612PCPI","Sebastian-Vero Beach, FL","42680","95109"
"SHEB155PCPI","Sheboygan, WI","43100","58425"
"SHER348PCPI","Sherman-Denison, TX","43300","52055"
"SHRE322PCPI","Shreveport-Bossier City, LA","43340","55198"
"SIOU519PCPI","Sioux City, IA-NE-SD","43580","59993"
"SIOU646PCPI","Sioux Falls, SD","43620","71570"
"SOUT718PCPI","South Bend-Mishawaka, IN-MI","43780","56109"
"SPAR945PCPI","Spartanburg, SC","43900","50596"
"SPOK053PCPI","Spokane-Spokane Valley, WA","44060","53278"
"SPRI117PCPI","Springfield, IL","44100","57126"
"SPIPCPI","Springfield, MO","44180","48664"
"SPRI239PCPI","Springfield, OH","44220","47929"
"STAT342PCPI","State College, PA","44300","54994"
"STOC706PCPI","Stockton-Lodi, CA","44700","57783"
"SUMT945PCPI","Sumter, SC","44940","46550"
"SYRA036PCPI","Syracuse, NY","45060","58137"
"TALL212PCPI","Tallahassee, FL","45220","52279"
"TAMP312PCPI","Tampa-St. Petersburg-Clearwater, FL","45300","58315"
"TERR418PCPI","Terre Haute, IN","45460","45537"
"TEXPCPI","Texarkana, TX-AR","45500","45058"
"TOLE739PCPI","Toledo, OH","45780","54423"
"TOPE820PCPI","Topeka, KS","45820","53655"
"TREN934PCPI","Trenton, NJ","45940","77911"
"TUCS004PCPI","Tucson, AZ","46060","52942"
"TULS140PCPI","Tulsa, OK","46140","59941"
"TUSC201PCPI","Tuscaloosa, AL","46220","43362"
"TYLE348PCPI","Tyler, TX","46340","60284"
"UHON915PCPI","Urban Honolulu, HI","46520","63912"
"HONO115PCPI","Urban Honolulu, HI","46520",""
"UTIC536PCPI","Utica-Rome, NY","46540","52919"
"VALD613PCPI","Valdosta, GA","46660","42585"
"VALL706PCPI","Vallejo-Fairfield, CA","46700","65448"
"VICT048PCPI","Victoria, TX","47020","58294"
"VINE234PCPI","Vineland-Bridgeton, NJ","47220","47559"
"VIRG251PCPI","Virginia Beach-Norfolk-Newport News, VA-NC","47260","56716"
"VISA306PCPI","Visalia-Porterville, CA","47300","47986"
"WACO348PCPI","Waco, TX","47380","49151"
"WARN513PCPI","Warner Robins, GA","47580","48160"
"WASH911PCPI","Washington-Arlington-Alexandria, DC-VA-MD-WV","47900","80822"
"WATE919PCPI","Waterloo-Cedar Falls, IA","47940","53584"
"WAUS155PCPI","Wausau, WI","48140","56947"
"WEIR239PCPI","Weirton-Steubenville, WV-OH","48260","48558"
"WENA353PCPI","Wenatchee, WA","48300","58009"
"WHEE554PCPI","Wheeling, WV-OH","48540","50716"
"WICH620PCPI","Wichita, KS","48620","56343"
"WICH648PCPI","Wichita Falls, TX","48660","50905"
"WILL742PCPI","Williamsport, PA","48700","50464"
"WILM937PCPI","Wilmington, NC","48900","55750"
"WINC051PCPI","Winchester, VA-WV","49020","56544"
"WINS137PCPI","Winston-Salem, NC","49180","53154"
"YAKI453PCPI","Yakima, WA","49420","50872"
"YORK642PCPI","York-Hanover, PA","49620","57870"
"YOUN639PCPI","Youngstown-Warren-Boardman, OH-PA","49660","48904"
"YUBA706PCPI","Yuba City, CA","49700","51174"
"YUMA704PCPI","Yuma, AZ","49740","44299"
